time,uptime,CPU1,CPU2,CPU3,CPU4,RAM,SWAP,EMC,IRAM,GPU,APE,APE_MASTER,NVDEC,NVENC,NVJPG,SE,VIC03,Fan tegra_pwmfan0,Temp AO,Temp CPU,Temp GPU,Temp PLL,Temp thermal,Power thermal,Power TOT,jetson_clocks,nvp model,rail,tot
2024-06-12 15:24:46.741186,3:10:06.520000,7,17,8,89,0.4040291835882306,0.08521278878477935,0,0.0,0.0,25500,OFF,OFF,OFF,OFF,OFF,OFF,0.0,45.0,42.5,38.5,38.0,40.25,39,2746,OFF,MAXN,"{'POM_5V_CPU': {'volt': 4904, 'curr': 152, 'power': 745, 'warn': 32760, 'crit': 32760, 'online': True, 'avg': 747}, 'POM_5V_GPU': {'volt': 4904, 'curr': 8, 'power': 39, 'warn': 32760, 'crit': 32760, 'online': True, 'avg': 39}}","{'volt': 4904, 'curr': 560, 'power': 2746, 'warn': 32760, 'crit': 32760, 'online': True, 'avg': 2749, 'name': 'POM_5V_IN'}"
2024-06-12 15:24:47.208160,3:10:07.020000,18,28,92,12,0.4042088903502406,0.08521278878477935,0,0.0,0.0,25500,OFF,OFF,OFF,OFF,OFF,OFF,0.0,45.5,43.5,38.5,38.5,40.25,39,3089,OFF,MAXN,"{'POM_5V_CPU': {'volt': 4896, 'curr': 184, 'power': 900, 'warn': 32760, 'crit': 32760, 'online': True, 'avg': 823}, 'POM_5V_GPU': {'volt': 4888, 'curr': 8, 'power': 39, 'warn': 32760, 'crit': 32760, 'online': True, 'avg': 39}}","{'volt': 4888, 'curr': 632, 'power': 3089, 'warn': 32760, 'crit': 32760, 'online': True, 'avg': 2919, 'name': 'POM_5V_IN'}"
2024-06-12 15:24:47.740732,3:10:07.520000,86,66,64,64,0.40557150206218445,0.08521278878477935,0,0.0,14.1,25500,OFF,OFF,OFF,OFF,OFF,OFF,0.0,45.5,44.0,39.0,39.0,41.0,77,3807,OFF,MAXN,"{'POM_5V_CPU': {'volt': 4856, 'curr': 368, 'power': 1787, 'warn': 32760, 'crit': 32760, 'online': True, 'avg': 1305}, 'POM_5V_GPU': {'volt': 4856, 'curr': 16, 'power': 77, 'warn': 32760, 'crit': 32760, 'online': True, 'avg': 58}}","{'volt': 4856, 'curr': 784, 'power': 3807, 'warn': 32760, 'crit': 32760, 'online': True, 'avg': 3363, 'name': 'POM_5V_IN'}"
2024-06-12 15:24:48.203011,3:10:08.020000,85,21,32,96,0.407666764419246,0.08521278878477935,0,0.0,0.0,25500,OFF,OFF,OFF,OFF,OFF,OFF,0.0,45.0,42.5,38.0,38.5,41.0,39,3167,OFF,MAXN,"{'POM_5V_CPU': {'volt': 4888, 'curr': 160, 'power': 821, 'warn': 32760, 'crit': 32760, 'online': True, 'avg': 1063}, 'POM_5V_GPU': {'volt': 4888, 'curr': 8, 'power': 39, 'warn': 32760, 'crit': 32760, 'online': True, 'avg': 48}}","{'volt': 4888, 'curr': 648, 'power': 3167, 'warn': 32760, 'crit': 32760, 'online': True, 'avg': 3265, 'name': 'POM_5V_IN'}"
2024-06-12 15:24:48.705494,3:10:08.520000,78,27,11,96,0.40830956168335863,0.08521278878477935,0,0.0,0.0,25500,OFF,OFF,OFF,OFF,OFF,OFF,0.0,45.5,43.0,38.5,39.0,40.5,38,3468,OFF,MAXN,"{'POM_5V_CPU': {'volt': 4872, 'curr': 224, 'power': 1091, 'warn': 32760, 'crit': 32760, 'online': True, 'avg': 1077}, 'POM_5V_GPU': {'volt': 4872, 'curr': 8, 'power': 38, 'warn': 32760, 'crit': 32760, 'online': True, 'avg': 43}}","{'volt': 4872, 'curr': 712, 'power': 3468, 'warn': 32760, 'crit': 32760, 'online': True, 'avg': 3366, 'name': 'POM_5V_IN'}"
2024-06-12 15:24:49.212027,3:10:09.020000,32,66,93,30,0.4091429271071852,0.08521278878477935,0,0.0,0.0,25500,OFF,OFF,OFF,OFF,OFF,OFF,0.0,45.0,44.0,38.5,38.5,40.5,38,3507,OFF,MAXN,"{'POM_5V_CPU': {'volt': 4872, 'curr': 240, 'power': 1169, 'warn': 32760, 'crit': 32760, 'online': True, 'avg': 1123}, 'POM_5V_GPU': {'volt': 4872, 'curr': 8, 'power': 38, 'warn': 32760, 'crit': 32760, 'online': True, 'avg': 40}}","{'volt': 4872, 'curr': 720, 'power': 3507, 'warn': 32760, 'crit': 32760, 'online': True, 'avg': 3436, 'name': 'POM_5V_IN'}"
2024-06-12 15:24:49.715290,3:10:09.520000,100,100,98,96,0.4117160909632184,0.08521278878477935,0,0.0,0.0,25500,OFF,OFF,OFF,OFF,OFF,OFF,0.0,46.0,45.5,39.0,40.0,42.25,38,4700,OFF,MAXN,"{'POM_5V_CPU': {'volt': 4816, 'curr': 544, 'power': 2619, 'warn': 32760, 'crit': 32760, 'online': True, 'avg': 1871}, 'POM_5V_GPU': {'volt': 4816, 'curr': 8, 'power': 38, 'warn': 32760, 'crit': 32760, 'online': True, 'avg': 39}}","{'volt': 4816, 'curr': 976, 'power': 4700, 'warn': 32760, 'crit': 32760, 'online': True, 'avg': 4068, 'name': 'POM_5V_IN'}"
2024-06-12 15:24:50.281736,3:10:10.020000,100,100,100,100,0.41305105548100685,0.08521278878477935,0,0.0,0.0,25500,OFF,OFF,OFF,OFF,OFF,OFF,0.0,46.0,45.5,39.5,40.0,42.25,38,4414,OFF,MAXN,"{'POM_5V_CPU': {'volt': 4832, 'curr': 536, 'power': 2589, 'warn': 32760, 'crit': 32760, 'online': True, 'avg': 2230}, 'POM_5V_GPU': {'volt': 4840, 'curr': 8, 'power': 38, 'warn': 32760, 'crit': 32760, 'online': True, 'avg': 38}}","{'volt': 4840, 'curr': 912, 'power': 4414, 'warn': 32760, 'crit': 32760, 'online': True, 'avg': 4241, 'name': 'POM_5V_IN'}"
2024-06-12 15:24:50.736545,3:10:10.520000,100,100,100,100,0.41352204518143965,0.08521278878477935,0,0.0,0.0,25500,OFF,OFF,OFF,OFF,OFF,OFF,0.0,46.0,45.5,39.0,40.5,42.5,38,4414,OFF,MAXN,"{'POM_5V_CPU': {'volt': 4832, 'curr': 536, 'power': 2589, 'warn': 32760, 'crit': 32760, 'online': True, 'avg': 2409}, 'POM_5V_GPU': {'volt': 4832, 'curr': 8, 'power': 38, 'warn': 32760, 'crit': 32760, 'online': True, 'avg': 38}}","{'volt': 4840, 'curr': 912, 'power': 4414, 'warn': 32760, 'crit': 32760, 'online': True, 'avg': 4327, 'name': 'POM_5V_IN'}"
2024-06-12 15:24:51.228699,3:10:11.020000,100,100,100,100,0.4135447553766387,0.08521278878477935,0,0.0,0.0,25500,OFF,OFF,OFF,OFF,OFF,OFF,0.0,46.0,45.5,39.5,40.0,42.5,38,4445,OFF,MAXN,"{'POM_5V_CPU': {'volt': 4832, 'curr': 536, 'power': 2589, 'warn': 32760, 'crit': 32760, 'online': True, 'avg': 2499}, 'POM_5V_GPU': {'volt': 4832, 'curr': 8, 'power': 38, 'warn': 32760, 'crit': 32760, 'online': True, 'avg': 38}}","{'volt': 4840, 'curr': 920, 'power': 4445, 'warn': 32760, 'crit': 32760, 'online': True, 'avg': 4386, 'name': 'POM_5V_IN'}"
2024-06-12 15:24:51.730590,3:10:11.520000,100,100,100,100,0.4140463544706007,0.08521278878477935,0,0.0,0.0,25500,OFF,OFF,OFF,OFF,OFF,OFF,0.0,46.5,46.0,39.5,40.0,42.75,38,4884,OFF,MAXN,"{'POM_5V_CPU': {'volt': 4800, 'curr': 600, 'power': 2880, 'warn': 32760, 'crit': 32760, 'online': True, 'avg': 2689}, 'POM_5V_GPU': {'volt': 4800, 'curr': 8, 'power': 38, 'warn': 32760, 'crit': 32760, 'online': True, 'avg': 38}}","{'volt': 4808, 'curr': 1016, 'power': 4884, 'warn': 32760, 'crit': 32760, 'online': True, 'avg': 4635, 'name': 'POM_5V_IN'}"
2024-06-12 15:24:52.233855,3:10:12.020000,100,100,100,100,0.4168071242869739,0.08521278878477935,0,0.0,0.0,25500,OFF,OFF,OFF,OFF,OFF,OFF,0.0,46.5,46.0,39.5,40.5,42.75,38,4953,OFF,MAXN,"{'POM_5V_CPU': {'volt': 4800, 'curr': 616, 'power': 2956, 'warn': 32760, 'crit': 32760, 'online': True, 'avg': 2822}, 'POM_5V_GPU': {'volt': 4800, 'curr': 8, 'power': 38, 'warn': 32760, 'crit': 32760, 'online': True, 'avg': 38}}","{'volt': 4800, 'curr': 1032, 'power': 4953, 'warn': 32760, 'crit': 32760, 'online': True, 'avg': 4794, 'name': 'POM_5V_IN'}"
2024-06-12 15:24:52.717991,3:10:12.520000,100,100,100,100,0.4194553305271431,0.08521278878477935,0,0.0,0.0,25500,OFF,OFF,OFF,OFF,OFF,OFF,0.0,46.5,46.0,40.0,40.5,42.75,38,4953,OFF,MAXN,"{'POM_5V_CPU': {'volt': 4792, 'curr': 608, 'power': 2913, 'warn': 32760, 'crit': 32760, 'online': True, 'avg': 2867}, 'POM_5V_GPU': {'volt': 4800, 'curr': 8, 'power': 38, 'warn': 32760, 'crit': 32760, 'online': True, 'avg': 38}}","{'volt': 4800, 'curr': 1032, 'power': 4953, 'warn': 32760, 'crit': 32760, 'online': True, 'avg': 4873, 'name': 'POM_5V_IN'}"
2024-06-12 15:24:53.229182,3:10:13.020000,100,100,100,100,0.4223553237140846,0.08521278878477935,0,0.0,0.0,25500,OFF,OFF,OFF,OFF,OFF,OFF,0.0,46.5,46.5,40.0,40.5,42.75,38,4846,OFF,MAXN,"{'POM_5V_CPU': {'volt': 4800, 'curr': 600, 'power': 2918, 'warn': 32760, 'crit': 32760, 'online': True, 'avg': 2892}, 'POM_5V_GPU': {'volt': 4808, 'curr': 8, 'power': 38, 'warn': 32760, 'crit': 32760, 'online': True, 'avg': 38}}","{'volt': 4808, 'curr': 1008, 'power': 4846, 'warn': 32760, 'crit': 32760, 'online': True, 'avg': 4859, 'name': 'POM_5V_IN'}"
2024-06-12 15:24:53.729617,3:10:13.520000,100,100,100,100,0.42515262732273457,0.08521278878477935,0,0.0,0.0,25500,OFF,OFF,OFF,OFF,OFF,OFF,0.0,47.0,46.5,40.0,40.5,42.75,38,4992,OFF,MAXN,"{'POM_5V_CPU': {'volt': 4800, 'curr': 608, 'power': 2918, 'warn': 32760, 'crit': 32760, 'online': True, 'avg': 2905}, 'POM_5V_GPU': {'volt': 4800, 'curr': 8, 'power': 38, 'warn': 32760, 'crit': 32760, 'online': True, 'avg': 38}}","{'volt': 4800, 'curr': 1040, 'power': 4992, 'warn': 32760, 'crit': 32760, 'online': True, 'avg': 4925, 'name': 'POM_5V_IN'}"
2024-06-12 15:24:54.218852,3:10:14.020000,100,100,100,100,0.4278156445597727,0.08521278878477935,0,0.0,0.0,25500,OFF,OFF,OFF,OFF,OFF,OFF,0.0,46.5,46.5,39.5,40.5,43.0,38,4953,OFF,MAXN,"{'POM_5V_CPU': {'volt': 4792, 'curr': 608, 'power': 2913, 'warn': 32760, 'crit': 32760, 'online': True, 'avg': 2909}, 'POM_5V_GPU': {'volt': 4800, 'curr': 8, 'power': 38, 'warn': 32760, 'crit': 32760, 'online': True, 'avg': 38}}","{'volt': 4800, 'curr': 1032, 'power': 4953, 'warn': 32760, 'crit': 32760, 'online': True, 'avg': 4939, 'name': 'POM_5V_IN'}"
2024-06-12 15:24:54.723092,3:10:14.520000,100,100,100,100,0.4312152620410936,0.08521278878477935,0,0.0,0.0,25500,OFF,OFF,OFF,OFF,OFF,OFF,0.0,46.5,46.5,40.0,40.5,43.0,38,4876,OFF,MAXN,"{'POM_5V_CPU': {'volt': 4800, 'curr': 608, 'power': 2880, 'warn': 32760, 'crit': 32760, 'online': True, 'avg': 2894}, 'POM_5V_GPU': {'volt': 4800, 'curr': 8, 'power': 38, 'warn': 32760, 'crit': 32760, 'online': True, 'avg': 38}}","{'volt': 4808, 'curr': 1008, 'power': 4876, 'warn': 32760, 'crit': 32760, 'online': True, 'avg': 4907, 'name': 'POM_5V_IN'}"
2024-06-12 15:24:55.228424,3:10:15.020000,100,100,100,100,0.4352863113804738,0.08521278878477935,0,0.0,0.0,25500,OFF,OFF,OFF,OFF,OFF,OFF,0.0,46.5,46.0,40.0,40.5,43.0,38,5204,OFF,MAXN,"{'POM_5V_CPU': {'volt': 4784, 'curr': 600, 'power': 2870, 'warn': 32760, 'crit': 32760, 'online': True, 'avg': 2882}, 'POM_5V_GPU': {'volt': 4784, 'curr': 8, 'power': 38, 'warn': 32760, 'crit': 32760, 'online': True, 'avg': 38}}","{'volt': 4784, 'curr': 1096, 'power': 5204, 'warn': 32760, 'crit': 32760, 'online': True, 'avg': 5055, 'name': 'POM_5V_IN'}"
2024-06-12 15:24:55.714320,3:10:15.520000,100,100,100,100,0.4375879402939094,0.08521278878477935,0,0.0,0.0,25500,OFF,OFF,OFF,OFF,OFF,OFF,0.0,46.0,45.5,40.0,40.5,43.0,38,4360,OFF,MAXN,"{'POM_5V_CPU': {'volt': 4816, 'curr': 496, 'power': 2388, 'warn': 32760, 'crit': 32760, 'online': True, 'avg': 2635}, 'POM_5V_GPU': {'volt': 4824, 'curr': 8, 'power': 38, 'warn': 32760, 'crit': 32760, 'online': True, 'avg': 38}}","{'volt': 4824, 'curr': 904, 'power': 4360, 'warn': 32760, 'crit': 32760, 'online': True, 'avg': 4707, 'name': 'POM_5V_IN'}"
2024-06-12 15:24:56.214684,3:10:16.020000,100,100,100,100,0.4377765336540408,0.08521278878477935,0,0.0,0.0,25500,OFF,OFF,OFF,OFF,OFF,OFF,0.0,46.0,45.5,39.5,40.0,42.75,38,4269,OFF,MAXN,"{'POM_5V_CPU': {'volt': 4808, 'curr': 488, 'power': 2346, 'warn': 32760, 'crit': 32760, 'online': True, 'avg': 2490}, 'POM_5V_GPU': {'volt': 4808, 'curr': 8, 'power': 38, 'warn': 32760, 'crit': 32760, 'online': True, 'avg': 38}}","{'volt': 4816, 'curr': 888, 'power': 4269, 'warn': 32760, 'crit': 32760, 'online': True, 'avg': 4488, 'name': 'POM_5V_IN'}"
2024-06-12 15:24:56.720096,3:10:16.530000,100,100,100,100,0.43943437790357254,0.08521278878477935,0,0.0,0.0,25500,OFF,OFF,OFF,OFF,OFF,OFF,0.0,46.5,45.5,40.0,40.0,42.75,38,4676,OFF,MAXN,"{'POM_5V_CPU': {'volt': 4784, 'curr': 512, 'power': 2449, 'warn': 32760, 'crit': 32760, 'online': True, 'avg': 2469}, 'POM_5V_GPU': {'volt': 4784, 'curr': 8, 'power': 38, 'warn': 32760, 'crit': 32760, 'online': True, 'avg': 38}}","{'volt': 4792, 'curr': 976, 'power': 4676, 'warn': 32760, 'crit': 32760, 'online': True, 'avg': 4582, 'name': 'POM_5V_IN'}"
2024-06-12 15:24:57.220051,3:10:17.030000,100,100,100,100,0.4395765634735145,0.08521278878477935,0,0.0,0.0,25500,OFF,OFF,OFF,OFF,OFF,OFF,0.0,46.5,45.5,39.5,40.0,42.75,38,4745,OFF,MAXN,"{'POM_5V_CPU': {'volt': 4784, 'curr': 520, 'power': 2487, 'warn': 32760, 'crit': 32760, 'online': True, 'avg': 2478}, 'POM_5V_GPU': {'volt': 4784, 'curr': 8, 'power': 38, 'warn': 32760, 'crit': 32760, 'online': True, 'avg': 38}}","{'volt': 4784, 'curr': 992, 'power': 4745, 'warn': 32760, 'crit': 32760, 'online': True, 'avg': 4663, 'name': 'POM_5V_IN'}"
2024-06-12 15:24:57.745446,3:10:17.530000,100,100,100,100,0.4395548406781067,0.08521278878477935,0,0.0,0.0,25500,OFF,OFF,OFF,OFF,OFF,OFF,0.0,46.5,45.5,39.5,40.5,43.0,38,4784,OFF,MAXN,"{'POM_5V_CPU': {'volt': 4784, 'curr': 528, 'power': 2525, 'warn': 32760, 'crit': 32760, 'online': True, 'avg': 2501}, 'POM_5V_GPU': {'volt': 4784, 'curr': 8, 'power': 38, 'warn': 32760, 'crit': 32760, 'online': True, 'avg': 38}}","{'volt': 4784, 'curr': 1000, 'power': 4784, 'warn': 32760, 'crit': 32760, 'online': True, 'avg': 4723, 'name': 'POM_5V_IN'}"
2024-06-12 15:24:58.224120,3:10:18.030000,100,100,100,100,0.4395686642751844,0.08521278878477935,0,0.0,0.0,25500,OFF,OFF,OFF,OFF,OFF,OFF,0.0,46.0,45.5,40.0,40.5,43.0,38,4745,OFF,MAXN,"{'POM_5V_CPU': {'volt': 4784, 'curr': 512, 'power': 2449, 'warn': 32760, 'crit': 32760, 'online': True, 'avg': 2475}, 'POM_5V_GPU': {'volt': 4784, 'curr': 8, 'power': 38, 'warn': 32760, 'crit': 32760, 'online': True, 'avg': 38}}","{'volt': 4784, 'curr': 992, 'power': 4745, 'warn': 32760, 'crit': 32760, 'online': True, 'avg': 4734, 'name': 'POM_5V_IN'}"
2024-06-12 15:24:58.721139,3:10:18.530000,100,100,100,100,0.4396328452616165,0.08521278878477935,0,0.0,0.0,25500,OFF,OFF,OFF,OFF,OFF,OFF,0.0,46.5,45.5,39.5,40.0,42.75,38,4745,OFF,MAXN,"{'POM_5V_CPU': {'volt': 4784, 'curr': 520, 'power': 2487, 'warn': 32760, 'crit': 32760, 'online': True, 'avg': 2481}, 'POM_5V_GPU': {'volt': 4784, 'curr': 8, 'power': 38, 'warn': 32760, 'crit': 32760, 'online': True, 'avg': 38}}","{'volt': 4784, 'curr': 992, 'power': 4745, 'warn': 32760, 'crit': 32760, 'online': True, 'avg': 4739, 'name': 'POM_5V_IN'}"
2024-06-12 15:24:59.224560,3:10:19.030000,100,100,100,100,0.43966147985556314,0.08521278878477935,0,0.0,0.0,25500,OFF,OFF,OFF,OFF,OFF,OFF,0.0,46.5,45.5,40.0,40.0,42.75,38,4745,OFF,MAXN,"{'POM_5V_CPU': {'volt': 4784, 'curr': 520, 'power': 2487, 'warn': 32760, 'crit': 32760, 'online': True, 'avg': 2484}, 'POM_5V_GPU': {'volt': 4784, 'curr': 8, 'power': 38, 'warn': 32760, 'crit': 32760, 'online': True, 'avg': 38}}","{'volt': 4784, 'curr': 992, 'power': 4745, 'warn': 32760, 'crit': 32760, 'online': True, 'avg': 4742, 'name': 'POM_5V_IN'}"
2024-06-12 15:24:59.717397,3:10:19.530000,100,100,100,100,0.4397375096394905,0.08521278878477935,0,0.0,0.0,25500,OFF,OFF,OFF,OFF,OFF,OFF,0.0,46.0,45.5,40.0,40.0,42.75,38,4715,OFF,MAXN,"{'POM_5V_CPU': {'volt': 4784, 'curr': 504, 'power': 2411, 'warn': 32760, 'crit': 32760, 'online': True, 'avg': 2447}, 'POM_5V_GPU': {'volt': 4784, 'curr': 8, 'power': 38, 'warn': 32760, 'crit': 32760, 'online': True, 'avg': 38}}","{'volt': 4792, 'curr': 984, 'power': 4715, 'warn': 32760, 'crit': 32760, 'online': True, 'avg': 4728, 'name': 'POM_5V_IN'}"
2024-06-12 15:25:00.222463,3:10:20.030000,100,100,100,100,0.4398777204098499,0.08521278878477935,0,0.0,0.0,25500,OFF,OFF,OFF,OFF,OFF,OFF,0.0,46.5,45.5,40.0,40.5,42.75,38,4676,OFF,MAXN,"{'POM_5V_CPU': {'volt': 4784, 'curr': 496, 'power': 2372, 'warn': 32760, 'crit': 32760, 'online': True, 'avg': 2409}, 'POM_5V_GPU': {'volt': 4792, 'curr': 8, 'power': 38, 'warn': 32760, 'crit': 32760, 'online': True, 'avg': 38}}","{'volt': 4792, 'curr': 976, 'power': 4676, 'warn': 32760, 'crit': 32760, 'online': True, 'avg': 4702, 'name': 'POM_5V_IN'}"
2024-06-12 15:25:00.728085,3:10:20.530000,100,100,100,100,0.4399103046029616,0.08521278878477935,0,0.0,0.0,25500,OFF,OFF,OFF,OFF,OFF,OFF,0.0,47.0,46.0,39.5,40.0,42.5,38,4676,OFF,MAXN,"{'POM_5V_CPU': {'volt': 4784, 'curr': 512, 'power': 2449, 'warn': 32760, 'crit': 32760, 'online': True, 'avg': 2429}, 'POM_5V_GPU': {'volt': 4792, 'curr': 8, 'power': 38, 'warn': 32760, 'crit': 32760, 'online': True, 'avg': 38}}","{'volt': 4792, 'curr': 976, 'power': 4676, 'warn': 32760, 'crit': 32760, 'online': True, 'avg': 4689, 'name': 'POM_5V_IN'}"
2024-06-12 15:25:01.228095,3:10:21.030000,100,100,100,100,0.43994980059461214,0.08521278878477935,0,0.0,0.0,25500,OFF,OFF,OFF,OFF,OFF,OFF,0.0,46.0,46.0,40.0,40.5,42.5,38,4715,OFF,MAXN,"{'POM_5V_CPU': {'volt': 4784, 'curr': 512, 'power': 2449, 'warn': 32760, 'crit': 32760, 'online': True, 'avg': 2439}, 'POM_5V_GPU': {'volt': 4784, 'curr': 8, 'power': 38, 'warn': 32760, 'crit': 32760, 'online': True, 'avg': 38}}","{'volt': 4784, 'curr': 984, 'power': 4715, 'warn': 32760, 'crit': 32760, 'online': True, 'avg': 4702, 'name': 'POM_5V_IN'}"
2024-06-12 15:25:01.723000,3:10:21.530000,100,100,100,100,0.43999522098501026,0.08521278878477935,0,0.0,0.0,25500,OFF,OFF,OFF,OFF,OFF,OFF,0.0,46.5,45.5,40.0,40.0,42.5,38,4676,OFF,MAXN,"{'POM_5V_CPU': {'volt': 4784, 'curr': 512, 'power': 2449, 'warn': 32760, 'crit': 32760, 'online': True, 'avg': 2444}, 'POM_5V_GPU': {'volt': 4792, 'curr': 8, 'power': 38, 'warn': 32760, 'crit': 32760, 'online': True, 'avg': 38}}","{'volt': 4792, 'curr': 976, 'power': 4676, 'warn': 32760, 'crit': 32760, 'online': True, 'avg': 4689, 'name': 'POM_5V_IN'}"
2024-06-12 15:25:02.223974,3:10:22.030000,100,100,100,100,0.4399971957845928,0.08521278878477935,0,0.0,0.0,25500,OFF,OFF,OFF,OFF,OFF,OFF,0.0,46.0,45.5,39.5,40.5,42.75,38,4715,OFF,MAXN,"{'POM_5V_CPU': {'volt': 4784, 'curr': 512, 'power': 2449, 'warn': 32760, 'crit': 32760, 'online': True, 'avg': 2446}, 'POM_5V_GPU': {'volt': 4784, 'curr': 8, 'power': 38, 'warn': 32760, 'crit': 32760, 'online': True, 'avg': 38}}","{'volt': 4792, 'curr': 984, 'power': 4715, 'warn': 32760, 'crit': 32760, 'online': True, 'avg': 4702, 'name': 'POM_5V_IN'}"
2024-06-12 15:25:02.728090,3:10:22.530000,100,100,100,100,0.44006532637019,0.08521278878477935,0,0.0,0.0,25500,OFF,OFF,OFF,OFF,OFF,OFF,0.0,46.5,46.0,40.0,40.5,42.75,38,4745,OFF,MAXN,"{'POM_5V_CPU': {'volt': 4784, 'curr': 520, 'power': 2487, 'warn': 32760, 'crit': 32760, 'online': True, 'avg': 2466}, 'POM_5V_GPU': {'volt': 4784, 'curr': 8, 'power': 38, 'warn': 32760, 'crit': 32760, 'online': True, 'avg': 38}}","{'volt': 4784, 'curr': 992, 'power': 4745, 'warn': 32760, 'crit': 32760, 'online': True, 'avg': 4723, 'name': 'POM_5V_IN'}"
2024-06-12 15:25:03.219433,3:10:23.030000,100,100,100,100,0.44005347757269486,0.08521278878477935,0,0.0,0.0,25500,OFF,OFF,OFF,OFF,OFF,OFF,0.0,46.5,45.0,40.0,40.5,42.75,38,4052,OFF,MAXN,"{'POM_5V_CPU': {'volt': 4808, 'curr': 408, 'power': 1961, 'warn': 32760, 'crit': 32760, 'online': True, 'avg': 2213}, 'POM_5V_GPU': {'volt': 4816, 'curr': 8, 'power': 38, 'warn': 32760, 'crit': 32760, 'online': True, 'avg': 38}}","{'volt': 4824, 'curr': 848, 'power': 4052, 'warn': 32760, 'crit': 32760, 'online': True, 'avg': 4387, 'name': 'POM_5V_IN'}"
2024-06-12 15:25:03.725746,3:10:23.530000,25,54,74,83,0.4401146963597532,0.08521278878477935,0,0.0,0.0,25500,OFF,OFF,OFF,OFF,OFF,OFF,0.0,46.0,43.5,39.0,39.0,42.75,38,3302,OFF,MAXN,"{'POM_5V_CPU': {'volt': 4856, 'curr': 192, 'power': 932, 'warn': 32760, 'crit': 32760, 'online': True, 'avg': 1572}, 'POM_5V_GPU': {'volt': 4856, 'curr': 8, 'power': 38, 'warn': 32760, 'crit': 32760, 'online': True, 'avg': 38}}","{'volt': 4856, 'curr': 680, 'power': 3302, 'warn': 32760, 'crit': 32760, 'online': True, 'avg': 3844, 'name': 'POM_5V_IN'}"
2024-06-12 15:25:04.234420,3:10:24.030000,64,77,27,60,0.4404820090821033,0.08521183510955344,0,0.0,0.0,25500,OFF,OFF,OFF,OFF,OFF,OFF,0.0,46.0,43.5,39.0,39.0,41.5,38,3418,OFF,MAXN,"{'POM_5V_CPU': {'volt': 4856, 'curr': 216, 'power': 1048, 'warn': 32760, 'crit': 32760, 'online': True, 'avg': 1310}, 'POM_5V_GPU': {'volt': 4856, 'curr': 8, 'power': 38, 'warn': 32760, 'crit': 32760, 'online': True, 'avg': 38}}","{'volt': 4856, 'curr': 704, 'power': 3418, 'warn': 32760, 'crit': 32760, 'online': True, 'avg': 3631, 'name': 'POM_5V_IN'}"
2024-06-12 15:25:04.726885,3:10:24.530000,84,95,91,79,0.44095398618232734,0.08520802040864983,0,0.0,39.9,25500,OFF,OFF,OFF,OFF,OFF,OFF,0.0,46.5,45.0,39.5,40.0,41.5,153,4423,OFF,MAXN,"{'POM_5V_CPU': {'volt': 4800, 'curr': 456, 'power': 2188, 'warn': 32760, 'crit': 32760, 'online': True, 'avg': 1749}, 'POM_5V_GPU': {'volt': 4800, 'curr': 32, 'power': 153, 'warn': 32760, 'crit': 32760, 'online': True, 'avg': 95}}","{'volt': 4808, 'curr': 920, 'power': 4423, 'warn': 32760, 'crit': 32760, 'online': True, 'avg': 4027, 'name': 'POM_5V_IN'}"
2024-06-12 15:25:05.235801,3:10:25.030000,91,58,48,96,0.44105667576061874,0.08520802040864983,0,0.0,11.4,25500,OFF,OFF,OFF,OFF,OFF,OFF,0.0,47.0,45.5,39.5,40.0,42.0,115,4129,OFF,MAXN,"{'POM_5V_CPU': {'volt': 4816, 'curr': 424, 'power': 2003, 'warn': 32760, 'crit': 32760, 'online': True, 'avg': 1876}, 'POM_5V_GPU': {'volt': 4816, 'curr': 24, 'power': 115, 'warn': 32760, 'crit': 32760, 'online': True, 'avg': 105}}","{'volt': 4824, 'curr': 856, 'power': 4129, 'warn': 32760, 'crit': 32760, 'online': True, 'avg': 4078, 'name': 'POM_5V_IN'}"
2024-06-12 15:25:05.728523,3:10:25.530000,98,88,54,49,0.4409223893890069,0.08520802040864983,0,0.0,6.4,25500,OFF,OFF,OFF,OFF,OFF,OFF,0.0,46.5,45.0,39.5,39.5,42.0,115,4013,OFF,MAXN,"{'POM_5V_CPU': {'volt': 4824, 'curr': 392, 'power': 1891, 'warn': 32760, 'crit': 32760, 'online': True, 'avg': 1883}, 'POM_5V_GPU': {'volt': 4824, 'curr': 24, 'power': 115, 'warn': 32760, 'crit': 32760, 'online': True, 'avg': 110}}","{'volt': 4824, 'curr': 840, 'power': 4013, 'warn': 32760, 'crit': 32760, 'online': True, 'avg': 4045, 'name': 'POM_5V_IN'}"
2024-06-12 15:25:06.235615,3:10:26.030000,67,96,48,68,0.4409411499850409,0.08520802040864983,0,0.0,14.6,25500,OFF,OFF,OFF,OFF,OFF,OFF,0.0,46.5,46.0,39.5,40.0,42.0,115,4052,OFF,MAXN,"{'POM_5V_CPU': {'volt': 4824, 'curr': 392, 'power': 1929, 'warn': 32760, 'crit': 32760, 'online': True, 'avg': 1906}, 'POM_5V_GPU': {'volt': 4824, 'curr': 16, 'power': 115, 'warn': 32760, 'crit': 32760, 'online': True, 'avg': 112}}","{'volt': 4824, 'curr': 848, 'power': 4052, 'warn': 32760, 'crit': 32760, 'online': True, 'avg': 4048, 'name': 'POM_5V_IN'}"
2024-06-12 15:25:06.732983,3:10:26.540000,57,73,54,95,0.4409717593785701,0.08520802040864983,0,0.0,8.7,25500,OFF,OFF,OFF,OFF,OFF,OFF,0.0,46.5,45.0,39.5,39.5,42.75,115,4161,OFF,MAXN,"{'POM_5V_CPU': {'volt': 4824, 'curr': 408, 'power': 1964, 'warn': 32760, 'crit': 32760, 'online': True, 'avg': 1935}, 'POM_5V_GPU': {'volt': 4816, 'curr': 24, 'power': 115, 'warn': 32760, 'crit': 32760, 'online': True, 'avg': 113}}","{'volt': 4816, 'curr': 864, 'power': 4161, 'warn': 32760, 'crit': 32760, 'online': True, 'avg': 4104, 'name': 'POM_5V_IN'}"
2024-06-12 15:25:07.235830,3:10:27.040000,68,98,43,80,0.44089869179401653,0.08520802040864983,0,0.0,27.6,25500,OFF,OFF,OFF,OFF,OFF,OFF,0.0,46.5,45.0,39.5,40.0,42.75,115,4199,OFF,MAXN,"{'POM_5V_CPU': {'volt': 4816, 'curr': 408, 'power': 1964, 'warn': 32760, 'crit': 32760, 'online': True, 'avg': 1949}, 'POM_5V_GPU': {'volt': 4816, 'curr': 24, 'power': 115, 'warn': 32760, 'crit': 32760, 'online': True, 'avg': 114}}","{'volt': 4816, 'curr': 872, 'power': 4199, 'warn': 32760, 'crit': 32760, 'online': True, 'avg': 4151, 'name': 'POM_5V_IN'}"
2024-06-12 15:25:07.736755,3:10:27.540000,82,48,50,99,0.44102112936813326,0.08520802040864983,0,0.0,5.2,25500,OFF,OFF,OFF,OFF,OFF,OFF,0.0,46.5,44.0,39.5,39.5,42.5,115,4052,OFF,MAXN,"{'POM_5V_CPU': {'volt': 4824, 'curr': 392, 'power': 1929, 'warn': 32760, 'crit': 32760, 'online': True, 'avg': 1939}, 'POM_5V_GPU': {'volt': 4824, 'curr': 24, 'power': 115, 'warn': 32760, 'crit': 32760, 'online': True, 'avg': 114}}","{'volt': 4824, 'curr': 848, 'power': 4052, 'warn': 32760, 'crit': 32760, 'online': True, 'avg': 4101, 'name': 'POM_5V_IN'}"
2024-06-12 15:25:08.242551,3:10:28.040000,66,44,80,100,0.4409549735821186,0.08520802040864983,0,0.0,12.9,25500,OFF,OFF,OFF,OFF,OFF,OFF,0.0,47.0,45.5,39.5,40.0,42.5,77,4199,OFF,MAXN,"{'POM_5V_CPU': {'volt': 4816, 'curr': 424, 'power': 2041, 'warn': 32760, 'crit': 32760, 'online': True, 'avg': 1990}, 'POM_5V_GPU': {'volt': 4816, 'curr': 16, 'power': 77, 'warn': 32760, 'crit': 32760, 'online': True, 'avg': 95}}","{'volt': 4816, 'curr': 880, 'power': 4199, 'warn': 32760, 'crit': 32760, 'online': True, 'avg': 4150, 'name': 'POM_5V_IN'}"
2024-06-12 15:25:08.737105,3:10:28.540000,78,55,97,52,0.4407940274161426,0.08520802040864983,0,0.0,3.6,25500,OFF,OFF,OFF,OFF,OFF,OFF,0.0,46.5,45.5,39.5,40.0,42.25,77,4090,OFF,MAXN,"{'POM_5V_CPU': {'volt': 4824, 'curr': 400, 'power': 1929, 'warn': 32760, 'crit': 32760, 'online': True, 'avg': 1959}, 'POM_5V_GPU': {'volt': 4824, 'curr': 24, 'power': 77, 'warn': 32760, 'crit': 32760, 'online': True, 'avg': 86}}","{'volt': 4824, 'curr': 848, 'power': 4090, 'warn': 32760, 'crit': 32760, 'online': True, 'avg': 4120, 'name': 'POM_5V_IN'}"
2024-06-12 15:25:09.238794,3:10:29.040000,82,43,52,100,0.44071108583367646,0.08520802040864983,0,0.0,16.8,25500,OFF,OFF,OFF,OFF,OFF,OFF,0.0,46.5,45.0,39.5,39.5,42.25,115,4052,OFF,MAXN,"{'POM_5V_CPU': {'volt': 4824, 'curr': 384, 'power': 1852, 'warn': 32760, 'crit': 32760, 'online': True, 'avg': 1905}, 'POM_5V_GPU': {'volt': 4824, 'curr': 16, 'power': 115, 'warn': 32760, 'crit': 32760, 'online': True, 'avg': 100}}","{'volt': 4824, 'curr': 840, 'power': 4052, 'warn': 32760, 'crit': 32760, 'online': True, 'avg': 4086, 'name': 'POM_5V_IN'}"
2024-06-12 15:25:09.739964,3:10:29.540000,68,64,100,52,0.4410981465518518,0.08520802040864983,0,0.0,11.5,25500,OFF,OFF,OFF,OFF,OFF,OFF,0.0,47.0,47.0,39.5,40.0,41.75,115,4238,OFF,MAXN,"{'POM_5V_CPU': {'volt': 4816, 'curr': 416, 'power': 2003, 'warn': 32760, 'crit': 32760, 'online': True, 'avg': 1954}, 'POM_5V_GPU': {'volt': 4816, 'curr': 24, 'power': 115, 'warn': 32760, 'crit': 32760, 'online': True, 'avg': 107}}","{'volt': 4816, 'curr': 880, 'power': 4238, 'warn': 32760, 'crit': 32760, 'online': True, 'avg': 4162, 'name': 'POM_5V_IN'}"
2024-06-12 15:25:10.234853,3:10:30.040000,80,54,56,96,0.44079205261656007,0.08520802040864983,0,0.0,14.1,25500,OFF,OFF,OFF,OFF,OFF,OFF,0.0,46.5,45.5,39.5,39.5,41.75,115,4161,OFF,MAXN,"{'POM_5V_CPU': {'volt': 4816, 'curr': 408, 'power': 1929, 'warn': 32760, 'crit': 32760, 'online': True, 'avg': 1941}, 'POM_5V_GPU': {'volt': 4824, 'curr': 24, 'power': 115, 'warn': 32760, 'crit': 32760, 'online': True, 'avg': 111}}","{'volt': 4824, 'curr': 856, 'power': 4161, 'warn': 32760, 'crit': 32760, 'online': True, 'avg': 4161, 'name': 'POM_5V_IN'}"
2024-06-12 15:25:10.742707,3:10:30.540000,72,70,52,90,0.44077625421989985,0.08520802040864983,0,0.0,20.1,25500,OFF,OFF,OFF,OFF,OFF,OFF,0.0,46.5,46.5,39.5,40.0,41.75,77,3981,OFF,MAXN,"{'POM_5V_CPU': {'volt': 4824, 'curr': 392, 'power': 1891, 'warn': 32760, 'crit': 32760, 'online': True, 'avg': 1916}, 'POM_5V_GPU': {'volt': 4824, 'curr': 16, 'power': 77, 'warn': 32760, 'crit': 32760, 'online': True, 'avg': 94}}","{'volt': 4832, 'curr': 824, 'power': 3981, 'warn': 32760, 'crit': 32760, 'online': True, 'avg': 4071, 'name': 'POM_5V_IN'}"
2024-06-12 15:25:11.240454,3:10:31.040000,70,52,71,96,0.4407802038190649,0.08520802040864983,0,0.0,14.4,25500,OFF,OFF,OFF,OFF,OFF,OFF,0.0,46.0,44.5,40.0,40.0,43.0,77,4129,OFF,MAXN,"{'POM_5V_CPU': {'volt': 4824, 'curr': 400, 'power': 1964, 'warn': 32760, 'crit': 32760, 'online': True, 'avg': 1940}, 'POM_5V_GPU': {'volt': 4824, 'curr': 16, 'power': 77, 'warn': 32760, 'crit': 32760, 'online': True, 'avg': 85}}","{'volt': 4824, 'curr': 856, 'power': 4129, 'warn': 32760, 'crit': 32760, 'online': True, 'avg': 4100, 'name': 'POM_5V_IN'}"
2024-06-12 15:25:11.742827,3:10:31.540000,58,100,62,68,0.44091843978984185,0.08520802040864983,0,0.0,8.4,25500,OFF,OFF,OFF,OFF,OFF,OFF,0.0,46.5,45.0,39.5,40.0,43.0,115,4122,OFF,MAXN,"{'POM_5V_CPU': {'volt': 4824, 'curr': 400, 'power': 1929, 'warn': 32760, 'crit': 32760, 'online': True, 'avg': 1934}, 'POM_5V_GPU': {'volt': 4824, 'curr': 24, 'power': 115, 'warn': 32760, 'crit': 32760, 'online': True, 'avg': 100}}","{'volt': 4824, 'curr': 856, 'power': 4122, 'warn': 32760, 'crit': 32760, 'online': True, 'avg': 4111, 'name': 'POM_5V_IN'}"
2024-06-12 15:25:12.238711,3:10:32.040000,90,100,48,43,0.44082266201008924,0.08520802040864983,0,0.0,6.5,25500,OFF,OFF,OFF,OFF,OFF,OFF,0.0,46.5,44.5,40.0,39.5,42.5,115,4122,OFF,MAXN,"{'POM_5V_CPU': {'volt': 4816, 'curr': 416, 'power': 2003, 'warn': 32760, 'crit': 32760, 'online': True, 'avg': 1968}, 'POM_5V_GPU': {'volt': 4816, 'curr': 24, 'power': 115, 'warn': 32760, 'crit': 32760, 'online': True, 'avg': 107}}","{'volt': 4824, 'curr': 856, 'power': 4122, 'warn': 32760, 'crit': 32760, 'online': True, 'avg': 4116, 'name': 'POM_5V_IN'}"
2024-06-12 15:25:12.736527,3:10:32.540000,54,96,96,41,0.44085722100278346,0.08520802040864983,0,0.0,21.2,25500,OFF,OFF,OFF,OFF,OFF,OFF,0.0,47.0,44.5,40.0,40.0,42.5,115,4238,OFF,MAXN,"{'POM_5V_CPU': {'volt': 4816, 'curr': 408, 'power': 2003, 'warn': 32760, 'crit': 32760, 'online': True, 'avg': 1985}, 'POM_5V_GPU': {'volt': 4816, 'curr': 24, 'power': 115, 'warn': 32760, 'crit': 32760, 'online': True, 'avg': 111}}","{'volt': 4816, 'curr': 880, 'power': 4238, 'warn': 32760, 'crit': 32760, 'online': True, 'avg': 4177, 'name': 'POM_5V_IN'}"
2024-06-12 15:25:13.241410,3:10:33.040000,80,82,74,56,0.4410369277647935,0.08520802040864983,0,0.0,17.4,25500,OFF,OFF,OFF,OFF,OFF,OFF,0.0,47.0,45.0,40.0,40.0,42.75,115,4161,OFF,MAXN,"{'POM_5V_CPU': {'volt': 4816, 'curr': 416, 'power': 2003, 'warn': 32760, 'crit': 32760, 'online': True, 'avg': 1994}, 'POM_5V_GPU': {'volt': 4816, 'curr': 24, 'power': 115, 'warn': 32760, 'crit': 32760, 'online': True, 'avg': 113}}","{'volt': 4824, 'curr': 864, 'power': 4161, 'warn': 32760, 'crit': 32760, 'online': True, 'avg': 4169, 'name': 'POM_5V_IN'}"
2024-06-12 15:25:13.749543,3:10:33.540000,72,88,68,59,0.44096780977940503,0.08520802040864983,0,0.0,8.3,25500,OFF,OFF,OFF,OFF,OFF,OFF,0.0,46.5,46.5,40.0,40.0,42.75,115,4199,OFF,MAXN,"{'POM_5V_CPU': {'volt': 4816, 'curr': 424, 'power': 2003, 'warn': 32760, 'crit': 32760, 'online': True, 'avg': 1998}, 'POM_5V_GPU': {'volt': 4816, 'curr': 24, 'power': 115, 'warn': 32760, 'crit': 32760, 'online': True, 'avg': 114}}","{'volt': 4816, 'curr': 872, 'power': 4199, 'warn': 32760, 'crit': 32760, 'online': True, 'avg': 4184, 'name': 'POM_5V_IN'}"
2024-06-12 15:25:14.240842,3:10:34.040000,58,86,52,100,0.44096386018024,0.08520802040864983,0,0.0,33.6,25500,OFF,OFF,OFF,OFF,OFF,OFF,0.0,46.5,45.5,40.0,40.5,43.5,115,4161,OFF,MAXN,"{'POM_5V_CPU': {'volt': 4816, 'curr': 424, 'power': 2041, 'warn': 32760, 'crit': 32760, 'online': True, 'avg': 2019}, 'POM_5V_GPU': {'volt': 4816, 'curr': 24, 'power': 115, 'warn': 32760, 'crit': 32760, 'online': True, 'avg': 114}}","{'volt': 4824, 'curr': 864, 'power': 4161, 'warn': 32760, 'crit': 32760, 'online': True, 'avg': 4172, 'name': 'POM_5V_IN'}"
2024-06-12 15:25:14.744719,3:10:34.540000,58,79,48,98,0.4409658349798225,0.08520802040864983,0,0.0,17.1,25500,OFF,OFF,OFF,OFF,OFF,OFF,0.0,46.5,46.5,40.0,40.0,43.5,115,4276,OFF,MAXN,"{'POM_5V_CPU': {'volt': 4816, 'curr': 416, 'power': 2003, 'warn': 32760, 'crit': 32760, 'online': True, 'avg': 2011}, 'POM_5V_GPU': {'volt': 4816, 'curr': 24, 'power': 115, 'warn': 32760, 'crit': 32760, 'online': True, 'avg': 114}}","{'volt': 4816, 'curr': 888, 'power': 4276, 'warn': 32760, 'crit': 32760, 'online': True, 'avg': 4224, 'name': 'POM_5V_IN'}"
2024-06-12 15:25:15.236752,3:10:35.040000,66,98,76,47,0.4411307307449635,0.08520802040864983,0,0.0,11.3,25500,OFF,OFF,OFF,OFF,OFF,OFF,0.0,46.5,44.5,40.5,40.0,42.5,115,4161,OFF,MAXN,"{'POM_5V_CPU': {'volt': 4816, 'curr': 408, 'power': 1964, 'warn': 32760, 'crit': 32760, 'online': True, 'avg': 1987}, 'POM_5V_GPU': {'volt': 4816, 'curr': 24, 'power': 115, 'warn': 32760, 'crit': 32760, 'online': True, 'avg': 114}}","{'volt': 4816, 'curr': 864, 'power': 4161, 'warn': 32760, 'crit': 32760, 'online': True, 'avg': 4192, 'name': 'POM_5V_IN'}"
2024-06-12 15:25:15.745036,3:10:35.540000,59,70,76,78,0.4409845955758565,0.08520802040864983,0,0.0,2.8,25500,OFF,OFF,OFF,OFF,OFF,OFF,0.0,46.0,44.5,40.0,40.0,42.5,77,4052,OFF,MAXN,"{'POM_5V_CPU': {'volt': 4832, 'curr': 376, 'power': 1816, 'warn': 32760, 'crit': 32760, 'online': True, 'avg': 1901}, 'POM_5V_GPU': {'volt': 4824, 'curr': 16, 'power': 77, 'warn': 32760, 'crit': 32760, 'online': True, 'avg': 95}}","{'volt': 4824, 'curr': 840, 'power': 4052, 'warn': 32760, 'crit': 32760, 'online': True, 'avg': 4122, 'name': 'POM_5V_IN'}"
2024-06-12 15:25:16.249079,3:10:36.050000,91,70,60,71,0.44109222215310423,0.08520802040864983,0,0.0,11.6,25500,OFF,OFF,OFF,OFF,OFF,OFF,0.0,46.5,45.0,40.0,40.5,42.5,115,4238,OFF,MAXN,"{'POM_5V_CPU': {'volt': 4816, 'curr': 424, 'power': 2041, 'warn': 32760, 'crit': 32760, 'online': True, 'avg': 1971}, 'POM_5V_GPU': {'volt': 4816, 'curr': 24, 'power': 115, 'warn': 32760, 'crit': 32760, 'online': True, 'avg': 105}}","{'volt': 4816, 'curr': 872, 'power': 4238, 'warn': 32760, 'crit': 32760, 'online': True, 'avg': 4180, 'name': 'POM_5V_IN'}"
2024-06-12 15:25:16.744892,3:10:36.550000,64,100,72,45,0.441128755945381,0.08520802040864983,0,0.0,19.7,25500,OFF,OFF,OFF,OFF,OFF,OFF,0.0,46.5,44.0,40.0,40.0,42.25,115,4238,OFF,MAXN,"{'POM_5V_CPU': {'volt': 4816, 'curr': 416, 'power': 2041, 'warn': 32760, 'crit': 32760, 'online': True, 'avg': 2006}, 'POM_5V_GPU': {'volt': 4816, 'curr': 24, 'power': 115, 'warn': 32760, 'crit': 32760, 'online': True, 'avg': 110}}","{'volt': 4816, 'curr': 880, 'power': 4238, 'warn': 32760, 'crit': 32760, 'online': True, 'avg': 4209, 'name': 'POM_5V_IN'}"
2024-06-12 15:25:17.245153,3:10:37.050000,75,70,90,62,0.44096780977940503,0.08520802040864983,0,0.0,12.2,25500,OFF,OFF,OFF,OFF,OFF,OFF,0.0,47.0,45.5,40.0,40.5,42.25,77,4090,OFF,MAXN,"{'POM_5V_CPU': {'volt': 4824, 'curr': 408, 'power': 1929, 'warn': 32760, 'crit': 32760, 'online': True, 'avg': 1967}, 'POM_5V_GPU': {'volt': 4824, 'curr': 16, 'power': 77, 'warn': 32760, 'crit': 32760, 'online': True, 'avg': 93}}","{'volt': 4824, 'curr': 848, 'power': 4090, 'warn': 32760, 'crit': 32760, 'online': True, 'avg': 4149, 'name': 'POM_5V_IN'}"
2024-06-12 15:25:17.738781,3:10:37.550000,44,57,93,94,0.4409411499850409,0.08520802040864983,0,0.0,29.6,25500,OFF,OFF,OFF,OFF,OFF,OFF,0.0,46.0,45.0,40.0,40.0,42.25,77,4052,OFF,MAXN,"{'POM_5V_CPU': {'volt': 4816, 'curr': 408, 'power': 1968, 'warn': 32760, 'crit': 32760, 'online': True, 'avg': 1967}, 'POM_5V_GPU': {'volt': 4824, 'curr': 16, 'power': 77, 'warn': 32760, 'crit': 32760, 'online': True, 'avg': 85}}","{'volt': 4824, 'curr': 840, 'power': 4052, 'warn': 32760, 'crit': 32760, 'online': True, 'avg': 4100, 'name': 'POM_5V_IN'}"
2024-06-12 15:25:18.243438,3:10:38.050000,52,90,100,48,0.4410063183712643,0.08520802040864983,0,0.0,24.6,25500,OFF,OFF,OFF,OFF,OFF,OFF,0.0,46.5,47.0,40.0,40.0,42.25,115,4238,OFF,MAXN,"{'POM_5V_CPU': {'volt': 4816, 'curr': 424, 'power': 2041, 'warn': 32760, 'crit': 32760, 'online': True, 'avg': 2004}, 'POM_5V_GPU': {'volt': 4816, 'curr': 24, 'power': 115, 'warn': 32760, 'crit': 32760, 'online': True, 'avg': 100}}","{'volt': 4816, 'curr': 880, 'power': 4238, 'warn': 32760, 'crit': 32760, 'online': True, 'avg': 4169, 'name': 'POM_5V_IN'}"
2024-06-12 15:25:18.745814,3:10:38.550000,59,67,95,71,0.44102902856646337,0.08520802040864983,0,0.0,18.0,25500,OFF,OFF,OFF,OFF,OFF,OFF,0.0,46.5,45.0,40.0,40.5,42.5,115,4199,OFF,MAXN,"{'POM_5V_CPU': {'volt': 4816, 'curr': 416, 'power': 2003, 'warn': 32760, 'crit': 32760, 'online': True, 'avg': 2003}, 'POM_5V_GPU': {'volt': 4824, 'curr': 24, 'power': 115, 'warn': 32760, 'crit': 32760, 'online': True, 'avg': 107}}","{'volt': 4816, 'curr': 872, 'power': 4199, 'warn': 32760, 'crit': 32760, 'online': True, 'avg': 4184, 'name': 'POM_5V_IN'}"
2024-06-12 15:25:19.249222,3:10:39.050000,80,65,94,44,0.44101026797042936,0.08520802040864983,0,0.0,24.3,25500,OFF,OFF,OFF,OFF,OFF,OFF,0.0,46.5,45.5,40.0,40.5,42.5,115,4167,OFF,MAXN,"{'POM_5V_CPU': {'volt': 4816, 'curr': 424, 'power': 2041, 'warn': 32760, 'crit': 32760, 'online': True, 'avg': 2022}, 'POM_5V_GPU': {'volt': 4816, 'curr': 24, 'power': 115, 'warn': 32760, 'crit': 32760, 'online': True, 'avg': 111}}","{'volt': 4816, 'curr': 864, 'power': 4167, 'warn': 32760, 'crit': 32760, 'online': True, 'avg': 4175, 'name': 'POM_5V_IN'}"
2024-06-12 15:25:19.746850,3:10:39.550000,58,78,88,64,0.4410221167679245,0.08520802040864983,0,0.0,9.6,25500,OFF,OFF,OFF,OFF,OFF,OFF,0.0,46.5,47.0,40.0,40.5,43.75,77,4097,OFF,MAXN,"{'POM_5V_CPU': {'volt': 4832, 'curr': 392, 'power': 1929, 'warn': 32760, 'crit': 32760, 'online': True, 'avg': 1975}, 'POM_5V_GPU': {'volt': 4824, 'curr': 16, 'power': 77, 'warn': 32760, 'crit': 32760, 'online': True, 'avg': 94}}","{'volt': 4832, 'curr': 848, 'power': 4097, 'warn': 32760, 'crit': 32760, 'online': True, 'avg': 4136, 'name': 'POM_5V_IN'}"
2024-06-12 15:25:20.264991,3:10:40.050000,64,73,96,49,0.44084932180445335,0.08520802040864983,0,0.0,10.0,25500,OFF,OFF,OFF,OFF,OFF,OFF,0.0,47.0,47.5,40.0,40.0,43.75,115,4167,OFF,MAXN,"{'POM_5V_CPU': {'volt': 4824, 'curr': 408, 'power': 2003, 'warn': 32760, 'crit': 32760, 'online': True, 'avg': 1989}, 'POM_5V_GPU': {'volt': 4816, 'curr': 24, 'power': 115, 'warn': 32760, 'crit': 32760, 'online': True, 'avg': 104}}","{'volt': 4824, 'curr': 864, 'power': 4167, 'warn': 32760, 'crit': 32760, 'online': True, 'avg': 4151, 'name': 'POM_5V_IN'}"
2024-06-12 15:25:20.752349,3:10:40.550000,78,58,49,97,0.4410902473535217,0.08520802040864983,0,0.0,17.9,25500,OFF,OFF,OFF,OFF,OFF,OFF,0.0,47.0,45.5,40.0,40.5,43.75,115,4129,OFF,MAXN,"{'POM_5V_CPU': {'volt': 4816, 'curr': 408, 'power': 1929, 'warn': 32760, 'crit': 32760, 'online': True, 'avg': 1959}, 'POM_5V_GPU': {'volt': 4824, 'curr': 24, 'power': 115, 'warn': 32760, 'crit': 32760, 'online': True, 'avg': 109}}","{'volt': 4824, 'curr': 856, 'power': 4129, 'warn': 32760, 'crit': 32760, 'online': True, 'avg': 4140, 'name': 'POM_5V_IN'}"
2024-06-12 15:25:21.253696,3:10:41.050000,67,52,71,94,0.4410171797689682,0.08520802040864983,0,0.0,2.8,25500,OFF,OFF,OFF,OFF,OFF,OFF,0.0,46.5,47.0,39.5,40.5,42.75,115,4199,OFF,MAXN,"{'POM_5V_CPU': {'volt': 4824, 'curr': 408, 'power': 2003, 'warn': 32760, 'crit': 32760, 'online': True, 'avg': 1981}, 'POM_5V_GPU': {'volt': 4816, 'curr': 24, 'power': 115, 'warn': 32760, 'crit': 32760, 'online': True, 'avg': 112}}","{'volt': 4816, 'curr': 872, 'power': 4199, 'warn': 32760, 'crit': 32760, 'online': True, 'avg': 4169, 'name': 'POM_5V_IN'}"
2024-06-12 15:25:21.744774,3:10:41.550000,82,65,43,98,0.44101816716875947,0.08520802040864983,0,0.0,20.6,25500,OFF,OFF,OFF,OFF,OFF,OFF,0.0,47.0,45.5,40.0,40.0,42.75,115,4090,OFF,MAXN,"{'POM_5V_CPU': {'volt': 4824, 'curr': 400, 'power': 1929, 'warn': 32760, 'crit': 32760, 'online': True, 'avg': 1955}, 'POM_5V_GPU': {'volt': 4824, 'curr': 24, 'power': 115, 'warn': 32760, 'crit': 32760, 'online': True, 'avg': 113}}","{'volt': 4824, 'curr': 848, 'power': 4090, 'warn': 32760, 'crit': 32760, 'online': True, 'avg': 4129, 'name': 'POM_5V_IN'}"
2024-06-12 15:25:22.253659,3:10:42.050000,69,69,54,90,0.4411761511353616,0.08520802040864983,0,0.0,11.8,25500,OFF,OFF,OFF,OFF,OFF,OFF,0.0,46.5,47.0,40.0,40.5,42.25,115,4199,OFF,MAXN,"{'POM_5V_CPU': {'volt': 4816, 'curr': 416, 'power': 2003, 'warn': 32760, 'crit': 32760, 'online': True, 'avg': 1979}, 'POM_5V_GPU': {'volt': 4816, 'curr': 24, 'power': 115, 'warn': 32760, 'crit': 32760, 'online': True, 'avg': 114}}","{'volt': 4816, 'curr': 872, 'power': 4199, 'warn': 32760, 'crit': 32760, 'online': True, 'avg': 4164, 'name': 'POM_5V_IN'}"
2024-06-12 15:25:22.755302,3:10:42.550000,60,70,98,62,0.4408127880121766,0.08520802040864983,0,0.0,16.5,25500,OFF,OFF,OFF,OFF,OFF,OFF,0.0,46.5,45.0,40.0,40.5,42.25,77,4090,OFF,MAXN,"{'POM_5V_CPU': {'volt': 4824, 'curr': 400, 'power': 1894, 'warn': 32760, 'crit': 32760, 'online': True, 'avg': 1936}, 'POM_5V_GPU': {'volt': 4824, 'curr': 16, 'power': 77, 'warn': 32760, 'crit': 32760, 'online': True, 'avg': 95}}","{'volt': 4824, 'curr': 848, 'power': 4090, 'warn': 32760, 'crit': 32760, 'online': True, 'avg': 4127, 'name': 'POM_5V_IN'}"
2024-06-12 15:25:23.253565,3:10:43.050000,47,64,99,75,0.44103495296521095,0.08520802040864983,0,0.0,5.9,25500,OFF,OFF,OFF,OFF,OFF,OFF,0.0,47.0,44.5,40.0,40.5,42.5,115,4167,OFF,MAXN,"{'POM_5V_CPU': {'volt': 4824, 'curr': 416, 'power': 2003, 'warn': 32760, 'crit': 32760, 'online': True, 'avg': 1969}, 'POM_5V_GPU': {'volt': 4816, 'curr': 24, 'power': 115, 'warn': 32760, 'crit': 32760, 'online': True, 'avg': 105}}","{'volt': 4824, 'curr': 864, 'power': 4167, 'warn': 32760, 'crit': 32760, 'online': True, 'avg': 4147, 'name': 'POM_5V_IN'}"
2024-06-12 15:25:23.745715,3:10:43.550000,95,55,86,48,0.4410033561718905,0.08520802040864983,0,0.0,10.6,25500,OFF,OFF,OFF,OFF,OFF,OFF,0.0,47.0,44.5,40.0,40.5,42.5,115,4167,OFF,MAXN,"{'POM_5V_CPU': {'volt': 4808, 'curr': 432, 'power': 2080, 'warn': 32760, 'crit': 32760, 'online': True, 'avg': 2024}, 'POM_5V_GPU': {'volt': 4816, 'curr': 24, 'power': 115, 'warn': 32760, 'crit': 32760, 'online': True, 'avg': 110}}","{'volt': 4824, 'curr': 864, 'power': 4167, 'warn': 32760, 'crit': 32760, 'online': True, 'avg': 4157, 'name': 'POM_5V_IN'}"
2024-06-12 15:25:24.243936,3:10:44.050000,98,70,93,56,0.40583316300686934,0.08520611305819803,0,0.0,14.6,25500,OFF,OFF,OFF,OFF,OFF,OFF,0.0,46.5,44.0,40.0,40.0,42.0,116,3684,OFF,MAXN,"{'POM_5V_CPU': {'volt': 4848, 'curr': 312, 'power': 1512, 'warn': 32760, 'crit': 32760, 'online': True, 'avg': 1768}, 'POM_5V_GPU': {'volt': 4848, 'curr': 24, 'power': 116, 'warn': 32760, 'crit': 32760, 'online': True, 'avg': 113}}","{'volt': 4848, 'curr': 768, 'power': 3684, 'warn': 32760, 'crit': 32760, 'online': True, 'avg': 3920, 'name': 'POM_5V_IN'}"
2024-06-12 15:25:24.738680,3:10:44.550000,38,13,71,12,0.40576799462064594,0.08520611305819803,0,0.0,0.0,25500,OFF,OFF,OFF,OFF,OFF,OFF,0.0,46.5,43.5,39.5,39.0,42.0,39,2737,OFF,MAXN,"{'POM_5V_CPU': {'volt': 4888, 'curr': 152, 'power': 742, 'warn': 32760, 'crit': 32760, 'online': True, 'avg': 1255}, 'POM_5V_GPU': {'volt': 4888, 'curr': 8, 'power': 39, 'warn': 32760, 'crit': 32760, 'online': True, 'avg': 76}}","{'volt': 4888, 'curr': 560, 'power': 2737, 'warn': 32760, 'crit': 32760, 'online': True, 'avg': 3328, 'name': 'POM_5V_IN'}"
2024-06-12 15:25:25.240464,3:10:45.050000,9,4,100,6,0.4057067758335876,0.08520611305819803,0,0.0,0.0,25500,OFF,OFF,OFF,OFF,OFF,OFF,0.0,46.0,44.5,39.5,39.0,42.0,39,2737,OFF,MAXN,"{'POM_5V_CPU': {'volt': 4888, 'curr': 152, 'power': 742, 'warn': 32760, 'crit': 32760, 'online': True, 'avg': 998}, 'POM_5V_GPU': {'volt': 4888, 'curr': 8, 'power': 39, 'warn': 32760, 'crit': 32760, 'online': True, 'avg': 57}}","{'volt': 4888, 'curr': 560, 'power': 2737, 'warn': 32760, 'crit': 32760, 'online': True, 'avg': 3032, 'name': 'POM_5V_IN'}"
2024-06-12 15:25:25.740860,3:10:45.560000,10,6,100,3,0.4057067758335876,0.08520611305819803,0,0.0,0.0,25500,OFF,OFF,OFF,OFF,OFF,OFF,0.0,46.0,43.0,39.5,39.5,41.75,39,2737,OFF,MAXN,"{'POM_5V_CPU': {'volt': 4888, 'curr': 160, 'power': 782, 'warn': 32760, 'crit': 32760, 'online': True, 'avg': 890}, 'POM_5V_GPU': {'volt': 4888, 'curr': 8, 'power': 39, 'warn': 32760, 'crit': 32760, 'online': True, 'avg': 48}}","{'volt': 4888, 'curr': 560, 'power': 2737, 'warn': 32760, 'crit': 32760, 'online': True, 'avg': 2884, 'name': 'POM_5V_IN'}"
2024-06-12 15:25:26.241502,3:10:46.060000,9,6,100,16,0.4055537288659417,0.08520515938297213,0,0.0,0.0,25500,OFF,OFF,OFF,OFF,OFF,OFF,0.0,46.0,43.0,39.5,39.0,41.75,39,2815,OFF,MAXN,"{'POM_5V_CPU': {'volt': 4888, 'curr': 152, 'power': 782, 'warn': 32760, 'crit': 32760, 'online': True, 'avg': 836}, 'POM_5V_GPU': {'volt': 4888, 'curr': 8, 'power': 39, 'warn': 32760, 'crit': 32760, 'online': True, 'avg': 43}}","{'volt': 4896, 'curr': 576, 'power': 2815, 'warn': 32760, 'crit': 32760, 'online': True, 'avg': 2849, 'name': 'POM_5V_IN'}"
2024-06-12 15:25:26.741797,3:10:46.560000,7,3,100,0,0.4057363978273255,0.08520515938297213,0,0.0,0.0,25500,OFF,OFF,OFF,OFF,OFF,OFF,0.0,46.5,44.0,39.5,39.0,41.5,39,2741,OFF,MAXN,"{'POM_5V_CPU': {'volt': 4896, 'curr': 152, 'power': 744, 'warn': 32760, 'crit': 32760, 'online': True, 'avg': 790}, 'POM_5V_GPU': {'volt': 4896, 'curr': 8, 'power': 39, 'warn': 32760, 'crit': 32760, 'online': True, 'avg': 41}}","{'volt': 4896, 'curr': 560, 'power': 2741, 'warn': 32760, 'crit': 32760, 'online': True, 'avg': 2795, 'name': 'POM_5V_IN'}"
2024-06-12 15:25:27.241602,3:10:47.060000,10,8,100,7,0.40570776323337887,0.08520515938297213,0,0.0,0.0,25500,OFF,OFF,OFF,OFF,OFF,OFF,0.0,46.5,43.0,39.5,39.5,41.5,39,2780,OFF,MAXN,"{'POM_5V_CPU': {'volt': 4896, 'curr': 160, 'power': 783, 'warn': 32760, 'crit': 32760, 'online': True, 'avg': 786}, 'POM_5V_GPU': {'volt': 4896, 'curr': 8, 'power': 39, 'warn': 32760, 'crit': 32760, 'online': True, 'avg': 40}}","{'volt': 4896, 'curr': 568, 'power': 2780, 'warn': 32760, 'crit': 32760, 'online': True, 'avg': 2787, 'name': 'POM_5V_IN'}"
2024-06-12 15:25:27.742941,3:10:47.560000,5,4,100,8,0.40578083081793237,0.08520515938297213,0,0.0,0.0,25500,OFF,OFF,OFF,OFF,OFF,OFF,0.0,46.0,43.5,39.5,39.0,41.5,39,2741,OFF,MAXN,"{'POM_5V_CPU': {'volt': 4896, 'curr': 152, 'power': 744, 'warn': 32760, 'crit': 32760, 'online': True, 'avg': 765}, 'POM_5V_GPU': {'volt': 4896, 'curr': 8, 'power': 39, 'warn': 32760, 'crit': 32760, 'online': True, 'avg': 39}}","{'volt': 4896, 'curr': 560, 'power': 2741, 'warn': 32760, 'crit': 32760, 'online': True, 'avg': 2764, 'name': 'POM_5V_IN'}"
2024-06-12 15:25:28.245595,3:10:48.060000,12,6,100,6,0.4057423222260731,0.08520515938297213,0,0.0,0.0,25500,OFF,OFF,OFF,OFF,OFF,OFF,0.0,46.5,43.5,39.5,39.0,41.5,39,2893,OFF,MAXN,"{'POM_5V_CPU': {'volt': 4888, 'curr': 176, 'power': 860, 'warn': 32760, 'crit': 32760, 'online': True, 'avg': 812}, 'POM_5V_GPU': {'volt': 4888, 'curr': 8, 'power': 39, 'warn': 32760, 'crit': 32760, 'online': True, 'avg': 39}}","{'volt': 4888, 'curr': 592, 'power': 2893, 'warn': 32760, 'crit': 32760, 'online': True, 'avg': 2828, 'name': 'POM_5V_IN'}"
2024-06-12 15:25:28.744284,3:10:48.560000,32,14,14,100,0.40580354101313143,0.08520515938297213,0,0.0,0.0,25500,OFF,OFF,OFF,OFF,OFF,OFF,0.0,46.0,44.5,39.5,39.0,41.5,39,2854,OFF,MAXN,"{'POM_5V_CPU': {'volt': 4888, 'curr': 176, 'power': 860, 'warn': 32760, 'crit': 32760, 'online': True, 'avg': 836}, 'POM_5V_GPU': {'volt': 4888, 'curr': 8, 'power': 39, 'warn': 32760, 'crit': 32760, 'online': True, 'avg': 39}}","{'volt': 4888, 'curr': 584, 'power': 2854, 'warn': 32760, 'crit': 32760, 'online': True, 'avg': 2841, 'name': 'POM_5V_IN'}"
2024-06-12 15:25:29.257837,3:10:49.060000,39,38,30,100,0.405682090838806,0.08520515938297213,0,0.0,40.7,25500,OFF,OFF,OFF,OFF,OFF,OFF,0.0,46.5,45.0,40.0,40.0,41.5,194,3845,OFF,MAXN,"{'POM_5V_CPU': {'volt': 4856, 'curr': 312, 'power': 1515, 'warn': 32760, 'crit': 32760, 'online': True, 'avg': 1175}, 'POM_5V_GPU': {'volt': 4856, 'curr': 40, 'power': 194, 'warn': 32760, 'crit': 32760, 'online': True, 'avg': 116}}","{'volt': 4856, 'curr': 792, 'power': 3845, 'warn': 32760, 'crit': 32760, 'online': True, 'avg': 3343, 'name': 'POM_5V_IN'}"
